# Musashi 68000 base-cycle descriptors, mask,match,cycles.
# Generated from m68kmake / upstream 313ebf1bd9f4d0d93341eb5ce21fd8a119e9dbdd.
# Copyright 1998-2001 Karl Stenerud, MIT; see runtime/third_party/musashi/readme.txt.
f000,a000,4
f000,f000,4
f100,7000,4
f180,f080,0
f1c0,f000,0
f1c0,f040,0
fe00,f000,0
ff00,6000,10
ff00,6100,18
ff00,6200,10
ff00,6300,10
ff00,6400,10
ff00,6500,10
ff00,6600,10
ff00,6700,10
ff00,6800,10
ff00,6900,10
ff00,6a00,10
ff00,6b00,10
ff00,6c00,10
ff00,6d00,10
ff00,6e00,10
ff00,6f00,10
ff00,f200,0
ff00,f300,0
f1f8,0100,6
f1f8,0108,16
f1f8,0110,8
f1f8,0118,8
f1f8,0120,10
f1f8,0128,12
f1f8,0130,14
f1f8,0140,8
f1f8,0148,24
f1f8,0150,12
f1f8,0158,12
f1f8,0160,14
f1f8,0168,16
f1f8,0170,18
f1f8,0180,10
f1f8,0188,16
f1f8,0190,12
f1f8,0198,12
f1f8,01a0,14
f1f8,01a8,16
f1f8,01b0,18
f1f8,01c0,8
f1f8,01c8,24
f1f8,01d0,12
f1f8,01d8,12
f1f8,01e0,14
f1f8,01e8,16
f1f8,01f0,18
f1f8,1000,4
f1f8,1010,8
f1f8,1018,8
f1f8,1020,10
f1f8,1028,12
f1f8,1030,14
f1f8,1080,8
f1f8,1090,12
f1f8,1098,12
f1f8,10a0,14
f1f8,10a8,16
f1f8,10b0,18
f1f8,10c0,8
f1f8,10d0,12
f1f8,10d8,12
f1f8,10e0,14
f1f8,10e8,16
f1f8,10f0,18
f1f8,1100,8
f1f8,1110,12
f1f8,1118,12
f1f8,1120,14
f1f8,1128,16
f1f8,1130,18
f1f8,1140,12
f1f8,1150,16
f1f8,1158,16
f1f8,1160,18
f1f8,1168,20
f1f8,1170,22
f1f8,1180,14
f1f8,1190,18
f1f8,1198,18
f1f8,11a0,20
f1f8,11a8,22
f1f8,11b0,24
f1f8,2000,4
f1f8,2008,4
f1f8,2010,12
f1f8,2018,12
f1f8,2020,14
f1f8,2028,16
f1f8,2030,18
f1f8,2040,4
f1f8,2048,4
f1f8,2050,12
f1f8,2058,12
f1f8,2060,14
f1f8,2068,16
f1f8,2070,18
f1f8,2080,12
f1f8,2088,12
f1f8,2090,20
f1f8,2098,20
f1f8,20a0,22
f1f8,20a8,24
f1f8,20b0,26
f1f8,20c0,12
f1f8,20c8,12
f1f8,20d0,20
f1f8,20d8,20
f1f8,20e0,22
f1f8,20e8,24
f1f8,20f0,26
f1f8,2100,12
f1f8,2108,12
f1f8,2110,20
f1f8,2118,20
f1f8,2120,22
f1f8,2128,24
f1f8,2130,26
f1f8,2140,16
f1f8,2148,16
f1f8,2150,24
f1f8,2158,24
f1f8,2160,26
f1f8,2168,28
f1f8,2170,30
f1f8,2180,18
f1f8,2188,18
f1f8,2190,26
f1f8,2198,26
f1f8,21a0,28
f1f8,21a8,30
f1f8,21b0,32
f1f8,3000,4
f1f8,3008,4
f1f8,3010,8
f1f8,3018,8
f1f8,3020,10
f1f8,3028,12
f1f8,3030,14
f1f8,3040,4
f1f8,3048,4
f1f8,3050,8
f1f8,3058,8
f1f8,3060,10
f1f8,3068,12
f1f8,3070,14
f1f8,3080,8
f1f8,3088,8
f1f8,3090,12
f1f8,3098,12
f1f8,30a0,14
f1f8,30a8,16
f1f8,30b0,18
f1f8,30c0,8
f1f8,30c8,8
f1f8,30d0,12
f1f8,30d8,12
f1f8,30e0,14
f1f8,30e8,16
f1f8,30f0,18
f1f8,3100,8
f1f8,3108,8
f1f8,3110,12
f1f8,3118,12
f1f8,3120,14
f1f8,3128,16
f1f8,3130,18
f1f8,3140,12
f1f8,3148,12
f1f8,3150,16
f1f8,3158,16
f1f8,3160,18
f1f8,3168,20
f1f8,3170,22
f1f8,3180,14
f1f8,3188,14
f1f8,3190,18
f1f8,3198,18
f1f8,31a0,20
f1f8,31a8,22
f1f8,31b0,24
f1f8,4100,0
f1f8,4110,0
f1f8,4118,0
f1f8,4120,0
f1f8,4128,0
f1f8,4130,0
f1f8,4180,10
f1f8,4190,14
f1f8,4198,14
f1f8,41a0,16
f1f8,41a8,18
f1f8,41b0,20
f1f8,41d0,4
f1f8,41e8,8
f1f8,41f0,12
f1f8,5000,4
f1f8,5010,12
f1f8,5018,12
f1f8,5020,14
f1f8,5028,16
f1f8,5030,18
f1f8,5040,4
f1f8,5048,8
f1f8,5050,12
f1f8,5058,12
f1f8,5060,14
f1f8,5068,16
f1f8,5070,18
f1f8,5080,8
f1f8,5088,8
f1f8,5090,20
f1f8,5098,20
f1f8,50a0,22
f1f8,50a8,24
f1f8,50b0,26
f1f8,5100,4
f1f8,5110,12
f1f8,5118,12
f1f8,5120,14
f1f8,5128,16
f1f8,5130,18
f1f8,5140,4
f1f8,5148,8
f1f8,5150,12
f1f8,5158,12
f1f8,5160,14
f1f8,5168,16
f1f8,5170,18
f1f8,5180,8
f1f8,5188,8
f1f8,5190,20
f1f8,5198,20
f1f8,51a0,22
f1f8,51a8,24
f1f8,51b0,26
f1f8,8000,4
f1f8,8010,8
f1f8,8018,8
f1f8,8020,10
f1f8,8028,12
f1f8,8030,14
f1f8,8040,4
f1f8,8050,8
f1f8,8058,8
f1f8,8060,10
f1f8,8068,12
f1f8,8070,14
f1f8,8080,8
f1f8,8090,14
f1f8,8098,14
f1f8,80a0,16
f1f8,80a8,18
f1f8,80b0,20
f1f8,80c0,140
f1f8,80d0,144
f1f8,80d8,144
f1f8,80e0,146
f1f8,80e8,148
f1f8,80f0,150
f1f8,8100,6
f1f8,8108,18
f1f8,8110,12
f1f8,8118,12
f1f8,8120,14
f1f8,8128,16
f1f8,8130,18
f1f8,8140,0
f1f8,8148,0
f1f8,8150,12
f1f8,8158,12
f1f8,8160,14
f1f8,8168,16
f1f8,8170,18
f1f8,8180,0
f1f8,8188,0
f1f8,8190,20
f1f8,8198,20
f1f8,81a0,22
f1f8,81a8,24
f1f8,81b0,26
f1f8,81c0,158
f1f8,81d0,162
f1f8,81d8,162
f1f8,81e0,164
f1f8,81e8,166
f1f8,81f0,168
f1f8,9000,4
f1f8,9010,8
f1f8,9018,8
f1f8,9020,10
f1f8,9028,12
f1f8,9030,14
f1f8,9040,4
f1f8,9048,4
f1f8,9050,8
f1f8,9058,8
f1f8,9060,10
f1f8,9068,12
f1f8,9070,14
f1f8,9080,8
f1f8,9088,8
f1f8,9090,14
f1f8,9098,14
f1f8,90a0,16
f1f8,90a8,18
f1f8,90b0,20
f1f8,90c0,8
f1f8,90c8,8
f1f8,90d0,12
f1f8,90d8,12
f1f8,90e0,14
f1f8,90e8,16
f1f8,90f0,18
f1f8,9100,4
f1f8,9108,18
f1f8,9110,12
f1f8,9118,12
f1f8,9120,14
f1f8,9128,16
f1f8,9130,18
f1f8,9140,4
f1f8,9148,18
f1f8,9150,12
f1f8,9158,12
f1f8,9160,14
f1f8,9168,16
f1f8,9170,18
f1f8,9180,8
f1f8,9188,30
f1f8,9190,20
f1f8,9198,20
f1f8,91a0,22
f1f8,91a8,24
f1f8,91b0,26
f1f8,91c0,8
f1f8,91c8,8
f1f8,91d0,14
f1f8,91d8,14
f1f8,91e0,16
f1f8,91e8,18
f1f8,91f0,20
f1f8,b000,4
f1f8,b010,8
f1f8,b018,8
f1f8,b020,10
f1f8,b028,12
f1f8,b030,14
f1f8,b040,4
f1f8,b048,4
f1f8,b050,8
f1f8,b058,8
f1f8,b060,10
f1f8,b068,12
f1f8,b070,14
f1f8,b080,6
f1f8,b088,6
f1f8,b090,14
f1f8,b098,14
f1f8,b0a0,16
f1f8,b0a8,18
f1f8,b0b0,20
f1f8,b0c0,6
f1f8,b0c8,6
f1f8,b0d0,10
f1f8,b0d8,10
f1f8,b0e0,12
f1f8,b0e8,14
f1f8,b0f0,16
f1f8,b100,4
f1f8,b108,12
f1f8,b110,12
f1f8,b118,12
f1f8,b120,14
f1f8,b128,16
f1f8,b130,18
f1f8,b140,4
f1f8,b148,12
f1f8,b150,12
f1f8,b158,12
f1f8,b160,14
f1f8,b168,16
f1f8,b170,18
f1f8,b180,8
f1f8,b188,20
f1f8,b190,20
f1f8,b198,20
f1f8,b1a0,22
f1f8,b1a8,24
f1f8,b1b0,26
f1f8,b1c0,6
f1f8,b1c8,6
f1f8,b1d0,14
f1f8,b1d8,14
f1f8,b1e0,16
f1f8,b1e8,18
f1f8,b1f0,20
f1f8,c000,4
f1f8,c010,8
f1f8,c018,8
f1f8,c020,10
f1f8,c028,12
f1f8,c030,14
f1f8,c040,4
f1f8,c050,8
f1f8,c058,8
f1f8,c060,10
f1f8,c068,12
f1f8,c070,14
f1f8,c080,8
f1f8,c090,14
f1f8,c098,14
f1f8,c0a0,16
f1f8,c0a8,18
f1f8,c0b0,20
f1f8,c0c0,38
f1f8,c0d0,42
f1f8,c0d8,42
f1f8,c0e0,44
f1f8,c0e8,46
f1f8,c0f0,48
f1f8,c100,6
f1f8,c108,18
f1f8,c110,12
f1f8,c118,12
f1f8,c120,14
f1f8,c128,16
f1f8,c130,18
f1f8,c140,6
f1f8,c148,6
f1f8,c150,12
f1f8,c158,12
f1f8,c160,14
f1f8,c168,16
f1f8,c170,18
f1f8,c188,6
f1f8,c190,20
f1f8,c198,20
f1f8,c1a0,22
f1f8,c1a8,24
f1f8,c1b0,26
f1f8,c1c0,38
f1f8,c1d0,42
f1f8,c1d8,42
f1f8,c1e0,44
f1f8,c1e8,46
f1f8,c1f0,48
f1f8,d000,4
f1f8,d010,8
f1f8,d018,8
f1f8,d020,10
f1f8,d028,12
f1f8,d030,14
f1f8,d040,4
f1f8,d048,4
f1f8,d050,8
f1f8,d058,8
f1f8,d060,10
f1f8,d068,12
f1f8,d070,14
f1f8,d080,8
f1f8,d088,8
f1f8,d090,14
f1f8,d098,14
f1f8,d0a0,16
f1f8,d0a8,18
f1f8,d0b0,20
f1f8,d0c0,8
f1f8,d0c8,8
f1f8,d0d0,12
f1f8,d0d8,12
f1f8,d0e0,14
f1f8,d0e8,16
f1f8,d0f0,18
f1f8,d100,4
f1f8,d108,18
f1f8,d110,12
f1f8,d118,12
f1f8,d120,14
f1f8,d128,16
f1f8,d130,18
f1f8,d140,4
f1f8,d148,18
f1f8,d150,12
f1f8,d158,12
f1f8,d160,14
f1f8,d168,16
f1f8,d170,18
f1f8,d180,8
f1f8,d188,30
f1f8,d190,20
f1f8,d198,20
f1f8,d1a0,22
f1f8,d1a8,24
f1f8,d1b0,26
f1f8,d1c0,8
f1f8,d1c8,8
f1f8,d1d0,14
f1f8,d1d8,14
f1f8,d1e0,16
f1f8,d1e8,18
f1f8,d1f0,20
f1f8,e000,6
f1f8,e008,6
f1f8,e010,6
f1f8,e018,6
f1f8,e020,6
f1f8,e028,6
f1f8,e030,6
f1f8,e038,6
f1f8,e040,6
f1f8,e048,6
f1f8,e050,6
f1f8,e058,6
f1f8,e060,6
f1f8,e068,6
f1f8,e070,6
f1f8,e078,6
f1f8,e080,8
f1f8,e088,8
f1f8,e090,8
f1f8,e098,8
f1f8,e0a0,8
f1f8,e0a8,8
f1f8,e0b0,8
f1f8,e0b8,8
f1f8,e100,6
f1f8,e108,6
f1f8,e110,6
f1f8,e118,6
f1f8,e120,6
f1f8,e128,6
f1f8,e130,6
f1f8,e138,6
f1f8,e140,6
f1f8,e148,6
f1f8,e150,6
f1f8,e158,6
f1f8,e160,6
f1f8,e168,6
f1f8,e170,6
f1f8,e178,6
f1f8,e180,8
f1f8,e188,8
f1f8,e190,8
f1f8,e198,8
f1f8,e1a0,8
f1f8,e1a8,8
f1f8,e1b0,8
f1f8,e1b8,8
f1f8,f048,0
f1f8,f078,0
fff0,06c0,0
fff0,4e40,4
f1ff,011f,8
f1ff,0127,10
f1ff,0138,12
f1ff,0139,16
f1ff,013a,12
f1ff,013b,14
f1ff,013c,8
f1ff,015f,12
f1ff,0167,14
f1ff,0178,16
f1ff,0179,20
f1ff,019f,12
f1ff,01a7,14
f1ff,01b8,16
f1ff,01b9,20
f1ff,01df,12
f1ff,01e7,14
f1ff,01f8,16
f1ff,01f9,20
f1ff,101f,8
f1ff,1027,10
f1ff,1038,12
f1ff,1039,16
f1ff,103a,12
f1ff,103b,14
f1ff,103c,8
f1ff,109f,12
f1ff,10a7,14
f1ff,10b8,16
f1ff,10b9,20
f1ff,10ba,16
f1ff,10bb,18
f1ff,10bc,12
f1ff,10df,12
f1ff,10e7,14
f1ff,10f8,16
f1ff,10f9,20
f1ff,10fa,16
f1ff,10fb,18
f1ff,10fc,12
f1ff,111f,12
f1ff,1127,14
f1ff,1138,16
f1ff,1139,20
f1ff,113a,16
f1ff,113b,18
f1ff,113c,12
f1ff,115f,16
f1ff,1167,18
f1ff,1178,20
f1ff,1179,24
f1ff,117a,20
f1ff,117b,22
f1ff,117c,16
f1ff,119f,18
f1ff,11a7,20
f1ff,11b8,22
f1ff,11b9,26
f1ff,11ba,22
f1ff,11bb,24
f1ff,11bc,18
f1ff,2038,16
f1ff,2039,20
f1ff,203a,16
f1ff,203b,18
f1ff,203c,12
f1ff,2078,16
f1ff,2079,20
f1ff,207a,16
f1ff,207b,18
f1ff,207c,12
f1ff,20b8,24
f1ff,20b9,28
f1ff,20ba,24
f1ff,20bb,26
f1ff,20bc,20
f1ff,20f8,24
f1ff,20f9,28
f1ff,20fa,24
f1ff,20fb,26
f1ff,20fc,20
f1ff,2138,24
f1ff,2139,28
f1ff,213a,24
f1ff,213b,26
f1ff,213c,20
f1ff,2178,28
f1ff,2179,32
f1ff,217a,28
f1ff,217b,30
f1ff,217c,24
f1ff,21b8,30
f1ff,21b9,34
f1ff,21ba,30
f1ff,21bb,32
f1ff,21bc,26
f1ff,3038,12
f1ff,3039,16
f1ff,303a,12
f1ff,303b,14
f1ff,303c,8
f1ff,3078,12
f1ff,3079,16
f1ff,307a,12
f1ff,307b,14
f1ff,307c,8
f1ff,30b8,16
f1ff,30b9,20
f1ff,30ba,16
f1ff,30bb,18
f1ff,30bc,12
f1ff,30f8,16
f1ff,30f9,20
f1ff,30fa,16
f1ff,30fb,18
f1ff,30fc,12
f1ff,3138,16
f1ff,3139,20
f1ff,313a,16
f1ff,313b,18
f1ff,313c,12
f1ff,3178,20
f1ff,3179,24
f1ff,317a,20
f1ff,317b,22
f1ff,317c,16
f1ff,31b8,22
f1ff,31b9,26
f1ff,31ba,22
f1ff,31bb,24
f1ff,31bc,18
f1ff,4138,0
f1ff,4139,0
f1ff,413a,0
f1ff,413b,0
f1ff,413c,0
f1ff,41b8,18
f1ff,41b9,22
f1ff,41ba,18
f1ff,41bb,20
f1ff,41bc,14
f1ff,41f8,8
f1ff,41f9,12
f1ff,41fa,8
f1ff,41fb,12
f1ff,501f,12
f1ff,5027,14
f1ff,5038,16
f1ff,5039,20
f1ff,5078,16
f1ff,5079,20
f1ff,50b8,24
f1ff,50b9,28
f1ff,511f,12
f1ff,5127,14
f1ff,5138,16
f1ff,5139,20
f1ff,5178,16
f1ff,5179,20
f1ff,51b8,24
f1ff,51b9,28
f1ff,801f,8
f1ff,8027,10
f1ff,8038,12
f1ff,8039,16
f1ff,803a,12
f1ff,803b,14
f1ff,803c,8
f1ff,8078,12
f1ff,8079,16
f1ff,807a,12
f1ff,807b,14
f1ff,807c,8
f1ff,80b8,18
f1ff,80b9,22
f1ff,80ba,18
f1ff,80bb,20
f1ff,80bc,16
f1ff,80f8,148
f1ff,80f9,152
f1ff,80fa,148
f1ff,80fb,150
f1ff,80fc,144
f1ff,810f,18
f1ff,811f,12
f1ff,8127,14
f1ff,8138,16
f1ff,8139,20
f1ff,814f,0
f1ff,8178,16
f1ff,8179,20
f1ff,818f,0
f1ff,81b8,24
f1ff,81b9,28
f1ff,81f8,166
f1ff,81f9,170
f1ff,81fa,166
f1ff,81fb,168
f1ff,81fc,162
f1ff,901f,8
f1ff,9027,10
f1ff,9038,12
f1ff,9039,16
f1ff,903a,12
f1ff,903b,14
f1ff,903c,8
f1ff,9078,12
f1ff,9079,16
f1ff,907a,12
f1ff,907b,14
f1ff,907c,8
f1ff,90b8,18
f1ff,90b9,22
f1ff,90ba,18
f1ff,90bb,20
f1ff,90bc,16
f1ff,90f8,16
f1ff,90f9,20
f1ff,90fa,16
f1ff,90fb,18
f1ff,90fc,12
f1ff,910f,18
f1ff,911f,12
f1ff,9127,14
f1ff,9138,16
f1ff,9139,20
f1ff,9178,16
f1ff,9179,20
f1ff,91b8,24
f1ff,91b9,28
f1ff,91f8,18
f1ff,91f9,22
f1ff,91fa,18
f1ff,91fb,20
f1ff,91fc,16
f1ff,b01f,8
f1ff,b027,10
f1ff,b038,12
f1ff,b039,16
f1ff,b03a,12
f1ff,b03b,14
f1ff,b03c,8
f1ff,b078,12
f1ff,b079,16
f1ff,b07a,12
f1ff,b07b,14
f1ff,b07c,8
f1ff,b0b8,18
f1ff,b0b9,22
f1ff,b0ba,18
f1ff,b0bb,20
f1ff,b0bc,14
f1ff,b0f8,14
f1ff,b0f9,18
f1ff,b0fa,14
f1ff,b0fb,16
f1ff,b0fc,10
f1ff,b10f,12
f1ff,b11f,12
f1ff,b127,14
f1ff,b138,16
f1ff,b139,20
f1ff,b178,16
f1ff,b179,20
f1ff,b1b8,24
f1ff,b1b9,28
f1ff,b1f8,18
f1ff,b1f9,22
f1ff,b1fa,18
f1ff,b1fb,20
f1ff,b1fc,14
f1ff,c01f,8
f1ff,c027,10
f1ff,c038,12
f1ff,c039,16
f1ff,c03a,12
f1ff,c03b,14
f1ff,c03c,8
f1ff,c078,12
f1ff,c079,16
f1ff,c07a,12
f1ff,c07b,14
f1ff,c07c,8
f1ff,c0b8,18
f1ff,c0b9,22
f1ff,c0ba,18
f1ff,c0bb,20
f1ff,c0bc,16
f1ff,c0f8,46
f1ff,c0f9,50
f1ff,c0fa,46
f1ff,c0fb,48
f1ff,c0fc,42
f1ff,c10f,18
f1ff,c11f,12
f1ff,c127,14
f1ff,c138,16
f1ff,c139,20
f1ff,c178,16
f1ff,c179,20
f1ff,c1b8,24
f1ff,c1b9,28
f1ff,c1f8,46
f1ff,c1f9,50
f1ff,c1fa,46
f1ff,c1fb,48
f1ff,c1fc,42
f1ff,d01f,8
f1ff,d027,10
f1ff,d038,12
f1ff,d039,16
f1ff,d03a,12
f1ff,d03b,14
f1ff,d03c,8
f1ff,d078,12
f1ff,d079,16
f1ff,d07a,12
f1ff,d07b,14
f1ff,d07c,8
f1ff,d0b8,18
f1ff,d0b9,22
f1ff,d0ba,18
f1ff,d0bb,20
f1ff,d0bc,16
f1ff,d0f8,16
f1ff,d0f9,20
f1ff,d0fa,16
f1ff,d0fb,18
f1ff,d0fc,12
f1ff,d10f,18
f1ff,d11f,12
f1ff,d127,14
f1ff,d138,16
f1ff,d139,20
f1ff,d178,16
f1ff,d179,20
f1ff,d1b8,24
f1ff,d1b9,28
f1ff,d1f8,18
f1ff,d1f9,22
f1ff,d1fa,18
f1ff,d1fb,20
f1ff,d1fc,16
fff8,0000,8
fff8,0010,16
fff8,0018,16
fff8,0020,18
fff8,0028,20
fff8,0030,22
fff8,0040,8
fff8,0050,16
fff8,0058,16
fff8,0060,18
fff8,0068,20
fff8,0070,22
fff8,0080,16
fff8,0090,28
fff8,0098,28
fff8,00a0,30
fff8,00a8,32
fff8,00b0,34
fff8,00d0,0
fff8,00e8,0
fff8,00f0,0
fff8,0200,8
fff8,0210,16
fff8,0218,16
fff8,0220,18
fff8,0228,20
fff8,0230,22
fff8,0240,8
fff8,0250,16
fff8,0258,16
fff8,0260,18
fff8,0268,20
fff8,0270,22
fff8,0280,14
fff8,0290,28
fff8,0298,28
fff8,02a0,30
fff8,02a8,32
fff8,02b0,34
fff8,02d0,0
fff8,02e8,0
fff8,02f0,0
fff8,0400,8
fff8,0410,16
fff8,0418,16
fff8,0420,18
fff8,0428,20
fff8,0430,22
fff8,0440,8
fff8,0450,16
fff8,0458,16
fff8,0460,18
fff8,0468,20
fff8,0470,22
fff8,0480,16
fff8,0490,28
fff8,0498,28
fff8,04a0,30
fff8,04a8,32
fff8,04b0,34
fff8,04d0,0
fff8,04e8,0
fff8,04f0,0
fff8,0600,8
fff8,0610,16
fff8,0618,16
fff8,0620,18
fff8,0628,20
fff8,0630,22
fff8,0640,8
fff8,0650,16
fff8,0658,16
fff8,0660,18
fff8,0668,20
fff8,0670,22
fff8,0680,16
fff8,0690,28
fff8,0698,28
fff8,06a0,30
fff8,06a8,32
fff8,06b0,34
fff8,06d0,0
fff8,06e8,0
fff8,06f0,0
fff8,0800,10
fff8,0810,12
fff8,0818,12
fff8,0820,14
fff8,0828,16
fff8,0830,18
fff8,0840,12
fff8,0850,16
fff8,0858,16
fff8,0860,18
fff8,0868,20
fff8,0870,22
fff8,0880,14
fff8,0890,16
fff8,0898,16
fff8,08a0,18
fff8,08a8,20
fff8,08b0,22
fff8,08c0,12
fff8,08d0,16
fff8,08d8,16
fff8,08e0,18
fff8,08e8,20
fff8,08f0,22
fff8,0a00,8
fff8,0a10,16
fff8,0a18,16
fff8,0a20,18
fff8,0a28,20
fff8,0a30,22
fff8,0a40,8
fff8,0a50,16
fff8,0a58,16
fff8,0a60,18
fff8,0a68,20
fff8,0a70,22
fff8,0a80,16
fff8,0a90,28
fff8,0a98,28
fff8,0aa0,30
fff8,0aa8,32
fff8,0ab0,34
fff8,0ad0,0
fff8,0ad8,0
fff8,0ae0,0
fff8,0ae8,0
fff8,0af0,0
fff8,0c00,8
fff8,0c10,12
fff8,0c18,12
fff8,0c20,14
fff8,0c28,16
fff8,0c30,18
fff8,0c40,8
fff8,0c50,12
fff8,0c58,12
fff8,0c60,14
fff8,0c68,16
fff8,0c70,18
fff8,0c80,14
fff8,0c90,20
fff8,0c98,20
fff8,0ca0,22
fff8,0ca8,24
fff8,0cb0,26
fff8,0cd0,0
fff8,0cd8,0
fff8,0ce0,0
fff8,0ce8,0
fff8,0cf0,0
fff8,0e10,0
fff8,0e18,0
fff8,0e20,0
fff8,0e28,0
fff8,0e30,0
fff8,0e50,0
fff8,0e58,0
fff8,0e60,0
fff8,0e68,0
fff8,0e70,0
fff8,0e90,0
fff8,0e98,0
fff8,0ea0,0
fff8,0ea8,0
fff8,0eb0,0
fff8,0ed0,0
fff8,0ed8,0
fff8,0ee0,0
fff8,0ee8,0
fff8,0ef0,0
fff8,11c0,12
fff8,11d0,16
fff8,11d8,16
fff8,11e0,18
fff8,11e8,20
fff8,11f0,22
fff8,13c0,16
fff8,13d0,20
fff8,13d8,20
fff8,13e0,22
fff8,13e8,24
fff8,13f0,26
fff8,1ec0,8
fff8,1ed0,12
fff8,1ed8,12
fff8,1ee0,14
fff8,1ee8,16
fff8,1ef0,18
fff8,1f00,8
fff8,1f10,12
fff8,1f18,12
fff8,1f20,14
fff8,1f28,16
fff8,1f30,18
fff8,21c0,16
fff8,21c8,16
fff8,21d0,24
fff8,21d8,24
fff8,21e0,26
fff8,21e8,28
fff8,21f0,30
fff8,23c0,20
fff8,23c8,20
fff8,23d0,28
fff8,23d8,28
fff8,23e0,30
fff8,23e8,32
fff8,23f0,34
fff8,31c0,12
fff8,31c8,12
fff8,31d0,16
fff8,31d8,16
fff8,31e0,18
fff8,31e8,20
fff8,31f0,22
fff8,33c0,16
fff8,33c8,16
fff8,33d0,20
fff8,33d8,20
fff8,33e0,22
fff8,33e8,24
fff8,33f0,26
fff8,4000,4
fff8,4010,12
fff8,4018,12
fff8,4020,14
fff8,4028,16
fff8,4030,18
fff8,4040,4
fff8,4050,12
fff8,4058,12
fff8,4060,14
fff8,4068,16
fff8,4070,18
fff8,4080,6
fff8,4090,20
fff8,4098,20
fff8,40a0,22
fff8,40a8,24
fff8,40b0,26
fff8,40c0,6
fff8,40d0,12
fff8,40d8,12
fff8,40e0,14
fff8,40e8,16
fff8,40f0,18
fff8,4200,4
fff8,4210,12
fff8,4218,12
fff8,4220,14
fff8,4228,16
fff8,4230,18
fff8,4240,4
fff8,4250,12
fff8,4258,12
fff8,4260,14
fff8,4268,16
fff8,4270,18
fff8,4280,6
fff8,4290,20
fff8,4298,20
fff8,42a0,22
fff8,42a8,24
fff8,42b0,26
fff8,42c0,0
fff8,42d0,0
fff8,42d8,0
fff8,42e0,0
fff8,42e8,0
fff8,42f0,0
fff8,4400,4
fff8,4410,12
fff8,4418,12
fff8,4420,14
fff8,4428,16
fff8,4430,18
fff8,4440,4
fff8,4450,12
fff8,4458,12
fff8,4460,14
fff8,4468,16
fff8,4470,18
fff8,4480,6
fff8,4490,20
fff8,4498,20
fff8,44a0,22
fff8,44a8,24
fff8,44b0,26
fff8,44c0,12
fff8,44d0,16
fff8,44d8,16
fff8,44e0,18
fff8,44e8,20
fff8,44f0,22
fff8,4600,4
fff8,4610,12
fff8,4618,12
fff8,4620,14
fff8,4628,16
fff8,4630,18
fff8,4640,4
fff8,4650,12
fff8,4658,12
fff8,4660,14
fff8,4668,16
fff8,4670,18
fff8,4680,6
fff8,4690,20
fff8,4698,20
fff8,46a0,22
fff8,46a8,24
fff8,46b0,26
fff8,46c0,12
fff8,46d0,16
fff8,46d8,16
fff8,46e0,18
fff8,46e8,20
fff8,46f0,22
fff8,4800,6
fff8,4808,0
fff8,4810,12
fff8,4818,12
fff8,4820,14
fff8,4828,16
fff8,4830,18
fff8,4840,4
fff8,4848,0
fff8,4850,12
fff8,4868,16
fff8,4870,20
fff8,4880,4
fff8,4890,8
fff8,48a0,8
fff8,48a8,12
fff8,48b0,14
fff8,48c0,4
fff8,48d0,8
fff8,48e0,8
fff8,48e8,12
fff8,48f0,14
fff8,49c0,0
fff8,4a00,4
fff8,4a10,8
fff8,4a18,8
fff8,4a20,10
fff8,4a28,12
fff8,4a30,14
fff8,4a40,4
fff8,4a48,0
fff8,4a50,8
fff8,4a58,8
fff8,4a60,10
fff8,4a68,12
fff8,4a70,14
fff8,4a80,4
fff8,4a88,0
fff8,4a90,12
fff8,4a98,12
fff8,4aa0,14
fff8,4aa8,16
fff8,4ab0,18
fff8,4ac0,4
fff8,4ad0,14
fff8,4ad8,14
fff8,4ae0,16
fff8,4ae8,18
fff8,4af0,20
fff8,4c00,0
fff8,4c10,0
fff8,4c18,0
fff8,4c20,0
fff8,4c28,0
fff8,4c30,0
fff8,4c40,0
fff8,4c50,0
fff8,4c58,0
fff8,4c60,0
fff8,4c68,0
fff8,4c70,0
fff8,4c90,12
fff8,4c98,12
fff8,4ca8,16
fff8,4cb0,18
fff8,4cd0,12
fff8,4cd8,12
fff8,4ce8,16
fff8,4cf0,18
fff8,4e50,16
fff8,4e58,12
fff8,4e60,4
fff8,4e68,4
fff8,4e90,16
fff8,4ea8,18
fff8,4eb0,22
fff8,4ed0,8
fff8,4ee8,10
fff8,4ef0,14
fff8,50c0,6
fff8,50c8,12
fff8,50d0,12
fff8,50d8,12
fff8,50e0,14
fff8,50e8,16
fff8,50f0,18
fff8,51c0,4
fff8,51c8,12
fff8,51d0,12
fff8,51d8,12
fff8,51e0,14
fff8,51e8,16
fff8,51f0,18
fff8,52c0,4
fff8,52c8,12
fff8,52d0,12
fff8,52d8,12
fff8,52e0,14
fff8,52e8,16
fff8,52f0,18
fff8,53c0,4
fff8,53c8,12
fff8,53d0,12
fff8,53d8,12
fff8,53e0,14
fff8,53e8,16
fff8,53f0,18
fff8,54c0,4
fff8,54c8,12
fff8,54d0,12
fff8,54d8,12
fff8,54e0,14
fff8,54e8,16
fff8,54f0,18
fff8,55c0,4
fff8,55c8,12
fff8,55d0,12
fff8,55d8,12
fff8,55e0,14
fff8,55e8,16
fff8,55f0,18
fff8,56c0,4
fff8,56c8,12
fff8,56d0,12
fff8,56d8,12
fff8,56e0,14
fff8,56e8,16
fff8,56f0,18
fff8,57c0,4
fff8,57c8,12
fff8,57d0,12
fff8,57d8,12
fff8,57e0,14
fff8,57e8,16
fff8,57f0,18
fff8,58c0,4
fff8,58c8,12
fff8,58d0,12
fff8,58d8,12
fff8,58e0,14
fff8,58e8,16
fff8,58f0,18
fff8,59c0,4
fff8,59c8,12
fff8,59d0,12
fff8,59d8,12
fff8,59e0,14
fff8,59e8,16
fff8,59f0,18
fff8,5ac0,4
fff8,5ac8,12
fff8,5ad0,12
fff8,5ad8,12
fff8,5ae0,14
fff8,5ae8,16
fff8,5af0,18
fff8,5bc0,4
fff8,5bc8,12
fff8,5bd0,12
fff8,5bd8,12
fff8,5be0,14
fff8,5be8,16
fff8,5bf0,18
fff8,5cc0,4
fff8,5cc8,12
fff8,5cd0,12
fff8,5cd8,12
fff8,5ce0,14
fff8,5ce8,16
fff8,5cf0,18
fff8,5dc0,4
fff8,5dc8,12
fff8,5dd0,12
fff8,5dd8,12
fff8,5de0,14
fff8,5de8,16
fff8,5df0,18
fff8,5ec0,4
fff8,5ec8,12
fff8,5ed0,12
fff8,5ed8,12
fff8,5ee0,14
fff8,5ee8,16
fff8,5ef0,18
fff8,5fc0,4
fff8,5fc8,12
fff8,5fd0,12
fff8,5fd8,12
fff8,5fe0,14
fff8,5fe8,16
fff8,5ff0,18
fff8,8f08,18
fff8,8f48,0
fff8,8f88,0
fff8,9f08,18
fff8,bf08,12
fff8,cf08,18
fff8,df08,18
fff8,e0d0,12
fff8,e0d8,12
fff8,e0e0,14
fff8,e0e8,16
fff8,e0f0,18
fff8,e1d0,12
fff8,e1d8,12
fff8,e1e0,14
fff8,e1e8,16
fff8,e1f0,18
fff8,e2d0,12
fff8,e2d8,12
fff8,e2e0,14
fff8,e2e8,16
fff8,e2f0,18
fff8,e3d0,12
fff8,e3d8,12
fff8,e3e0,14
fff8,e3e8,16
fff8,e3f0,18
fff8,e4d0,12
fff8,e4d8,12
fff8,e4e0,14
fff8,e4e8,16
fff8,e4f0,18
fff8,e5d0,12
fff8,e5d8,12
fff8,e5e0,14
fff8,e5e8,16
fff8,e5f0,18
fff8,e6d0,12
fff8,e6d8,12
fff8,e6e0,14
fff8,e6e8,16
fff8,e6f0,18
fff8,e7d0,12
fff8,e7d8,12
fff8,e7e0,14
fff8,e7e8,16
fff8,e7f0,18
fff8,e8c0,0
fff8,e8d0,0
fff8,e8e8,0
fff8,e8f0,0
fff8,e9c0,0
fff8,e9d0,0
fff8,e9e8,0
fff8,e9f0,0
fff8,eac0,0
fff8,ead0,0
fff8,eae8,0
fff8,eaf0,0
fff8,ebc0,0
fff8,ebd0,0
fff8,ebe8,0
fff8,ebf0,0
fff8,ecc0,0
fff8,ecd0,0
fff8,ece8,0
fff8,ecf0,0
fff8,edc0,0
fff8,edd0,0
fff8,ede8,0
fff8,edf0,0
fff8,eec0,0
fff8,eed0,0
fff8,eee8,0
fff8,eef0,0
fff8,efc0,0
fff8,efd0,0
fff8,efe8,0
fff8,eff0,0
fff8,f620,0
ffff,001f,16
ffff,0027,18
ffff,0038,20
ffff,0039,24
ffff,003c,20
ffff,0078,20
ffff,0079,24
ffff,007c,20
ffff,00b8,32
ffff,00b9,36
ffff,00f8,0
ffff,00f9,0
ffff,00fa,0
ffff,00fb,0
ffff,021f,16
ffff,0227,18
ffff,0238,20
ffff,0239,24
ffff,023c,20
ffff,0278,20
ffff,0279,24
ffff,027c,20
ffff,02b8,32
ffff,02b9,36
ffff,02f8,0
ffff,02f9,0
ffff,02fa,0
ffff,02fb,0
ffff,041f,16
ffff,0427,18
ffff,0438,20
ffff,0439,24
ffff,0478,20
ffff,0479,24
ffff,04b8,32
ffff,04b9,36
ffff,04f8,0
ffff,04f9,0
ffff,04fa,0
ffff,04fb,0
ffff,061f,16
ffff,0627,18
ffff,0638,20
ffff,0639,24
ffff,0678,20
ffff,0679,24
ffff,06b8,32
ffff,06b9,36
ffff,06f8,0
ffff,06f9,0
ffff,06fa,0
ffff,06fb,0
ffff,081f,12
ffff,0827,14
ffff,0838,16
ffff,0839,20
ffff,083a,16
ffff,083b,18
ffff,085f,16
ffff,0867,18
ffff,0878,20
ffff,0879,24
ffff,089f,16
ffff,08a7,18
ffff,08b8,20
ffff,08b9,24
ffff,08df,16
ffff,08e7,18
ffff,08f8,20
ffff,08f9,24
ffff,0a1f,16
ffff,0a27,18
ffff,0a38,20
ffff,0a39,24
ffff,0a3c,20
ffff,0a78,20
ffff,0a79,24
ffff,0a7c,20
ffff,0ab8,32
ffff,0ab9,36
ffff,0adf,0
ffff,0ae7,0
ffff,0af8,0
ffff,0af9,0
ffff,0c1f,12
ffff,0c27,14
ffff,0c38,16
ffff,0c39,20
ffff,0c3a,0
ffff,0c3b,0
ffff,0c78,16
ffff,0c79,20
ffff,0c7a,0
ffff,0c7b,0
ffff,0cb8,24
ffff,0cb9,28
ffff,0cba,0
ffff,0cbb,0
ffff,0cf8,0
ffff,0cf9,0
ffff,0cfc,0
ffff,0e1f,0
ffff,0e27,0
ffff,0e38,0
ffff,0e39,0
ffff,0e78,0
ffff,0e79,0
ffff,0eb8,0
ffff,0eb9,0
ffff,0ef8,0
ffff,0ef9,0
ffff,0efc,0
ffff,11df,16
ffff,11e7,18
ffff,11f8,20
ffff,11f9,24
ffff,11fa,20
ffff,11fb,22
ffff,11fc,16
ffff,13df,20
ffff,13e7,22
ffff,13f8,24
ffff,13f9,28
ffff,13fa,24
ffff,13fb,26
ffff,13fc,20
ffff,1edf,12
ffff,1ee7,14
ffff,1ef8,16
ffff,1ef9,20
ffff,1efa,16
ffff,1efb,18
ffff,1efc,12
ffff,1f1f,12
ffff,1f27,14
ffff,1f38,16
ffff,1f39,20
ffff,1f3a,16
ffff,1f3b,18
ffff,1f3c,12
ffff,21f8,28
ffff,21f9,32
ffff,21fa,28
ffff,21fb,30
ffff,21fc,24
ffff,23f8,32
ffff,23f9,36
ffff,23fa,32
ffff,23fb,34
ffff,23fc,28
ffff,31f8,20
ffff,31f9,24
ffff,31fa,20
ffff,31fb,22
ffff,31fc,16
ffff,33f8,24
ffff,33f9,28
ffff,33fa,24
ffff,33fb,26
ffff,33fc,20
ffff,401f,12
ffff,4027,14
ffff,4038,16
ffff,4039,20
ffff,4078,16
ffff,4079,20
ffff,40b8,24
ffff,40b9,28
ffff,40f8,16
ffff,40f9,20
ffff,421f,12
ffff,4227,14
ffff,4238,16
ffff,4239,20
ffff,4278,16
ffff,4279,20
ffff,42b8,24
ffff,42b9,28
ffff,42f8,0
ffff,42f9,0
ffff,441f,12
ffff,4427,14
ffff,4438,16
ffff,4439,20
ffff,4478,16
ffff,4479,20
ffff,44b8,24
ffff,44b9,28
ffff,44f8,20
ffff,44f9,24
ffff,44fa,20
ffff,44fb,22
ffff,44fc,16
ffff,461f,12
ffff,4627,14
ffff,4638,16
ffff,4639,20
ffff,4678,16
ffff,4679,20
ffff,46b8,24
ffff,46b9,28
ffff,46f8,20
ffff,46f9,24
ffff,46fa,20
ffff,46fb,22
ffff,46fc,16
ffff,480f,0
ffff,481f,12
ffff,4827,14
ffff,4838,16
ffff,4839,20
ffff,4878,16
ffff,4879,20
ffff,487a,16
ffff,487b,20
ffff,48b8,12
ffff,48b9,16
ffff,48f8,12
ffff,48f9,16
ffff,4a1f,8
ffff,4a27,10
ffff,4a38,12
ffff,4a39,16
ffff,4a3a,0
ffff,4a3b,0
ffff,4a3c,0
ffff,4a78,12
ffff,4a79,16
ffff,4a7a,0
ffff,4a7b,0
ffff,4a7c,0
ffff,4ab8,16
ffff,4ab9,20
ffff,4aba,0
ffff,4abb,0
ffff,4abc,0
ffff,4adf,14
ffff,4ae7,16
ffff,4af8,18
ffff,4af9,22
ffff,4afc,4
ffff,4c38,0
ffff,4c39,0
ffff,4c3a,0
ffff,4c3b,0
ffff,4c3c,0
ffff,4c78,0
ffff,4c79,0
ffff,4c7a,0
ffff,4c7b,0
ffff,4c7c,0
ffff,4cb8,16
ffff,4cb9,20
ffff,4cba,16
ffff,4cbb,18
ffff,4cf8,16
ffff,4cf9,20
ffff,4cfa,16
ffff,4cfb,18
ffff,4e57,16
ffff,4e5f,12
ffff,4e70,0
ffff,4e71,4
ffff,4e72,4
ffff,4e73,20
ffff,4e74,0
ffff,4e75,16
ffff,4e76,4
ffff,4e77,20
ffff,4e7a,0
ffff,4e7b,0
ffff,4eb8,18
ffff,4eb9,20
ffff,4eba,18
ffff,4ebb,22
ffff,4ef8,10
ffff,4ef9,12
ffff,4efa,10
ffff,4efb,14
ffff,50df,12
ffff,50e7,14
ffff,50f8,16
ffff,50f9,20
ffff,50fa,0
ffff,50fb,0
ffff,50fc,0
ffff,51df,12
ffff,51e7,14
ffff,51f8,16
ffff,51f9,20
ffff,51fa,0
ffff,51fb,0
ffff,51fc,0
ffff,52df,12
ffff,52e7,14
ffff,52f8,16
ffff,52f9,20
ffff,52fa,0
ffff,52fb,0
ffff,52fc,0
ffff,53df,12
ffff,53e7,14
ffff,53f8,16
ffff,53f9,20
ffff,53fa,0
ffff,53fb,0
ffff,53fc,0
ffff,54df,12
ffff,54e7,14
ffff,54f8,16
ffff,54f9,20
ffff,54fa,0
ffff,54fb,0
ffff,54fc,0
ffff,55df,12
ffff,55e7,14
ffff,55f8,16
ffff,55f9,20
ffff,55fa,0
ffff,55fb,0
ffff,55fc,0
ffff,56df,12
ffff,56e7,14
ffff,56f8,16
ffff,56f9,20
ffff,56fa,0
ffff,56fb,0
ffff,56fc,0
ffff,57df,12
ffff,57e7,14
ffff,57f8,16
ffff,57f9,20
ffff,57fa,0
ffff,57fb,0
ffff,57fc,0
ffff,58df,12
ffff,58e7,14
ffff,58f8,16
ffff,58f9,20
ffff,58fa,0
ffff,58fb,0
ffff,58fc,0
ffff,59df,12
ffff,59e7,14
ffff,59f8,16
ffff,59f9,20
ffff,59fa,0
ffff,59fb,0
ffff,59fc,0
ffff,5adf,12
ffff,5ae7,14
ffff,5af8,16
ffff,5af9,20
ffff,5afa,0
ffff,5afb,0
ffff,5afc,0
ffff,5bdf,12
ffff,5be7,14
ffff,5bf8,16
ffff,5bf9,20
ffff,5bfa,0
ffff,5bfb,0
ffff,5bfc,0
ffff,5cdf,12
ffff,5ce7,14
ffff,5cf8,16
ffff,5cf9,20
ffff,5cfa,0
ffff,5cfb,0
ffff,5cfc,0
ffff,5ddf,12
ffff,5de7,14
ffff,5df8,16
ffff,5df9,20
ffff,5dfa,0
ffff,5dfb,0
ffff,5dfc,0
ffff,5edf,12
ffff,5ee7,14
ffff,5ef8,16
ffff,5ef9,20
ffff,5efa,0
ffff,5efb,0
ffff,5efc,0
ffff,5fdf,12
ffff,5fe7,14
ffff,5ff8,16
ffff,5ff9,20
ffff,5ffa,0
ffff,5ffb,0
ffff,5ffc,0
ffff,6000,10
ffff,60ff,10
ffff,6100,18
ffff,61ff,18
ffff,6200,10
ffff,62ff,10
ffff,6300,10
ffff,63ff,10
ffff,6400,10
ffff,64ff,10
ffff,6500,10
ffff,65ff,10
ffff,6600,10
ffff,66ff,10
ffff,6700,10
ffff,67ff,10
ffff,6800,10
ffff,68ff,10
ffff,6900,10
ffff,69ff,10
ffff,6a00,10
ffff,6aff,10
ffff,6b00,10
ffff,6bff,10
ffff,6c00,10
ffff,6cff,10
ffff,6d00,10
ffff,6dff,10
ffff,6e00,10
ffff,6eff,10
ffff,6f00,10
ffff,6fff,10
ffff,8f0f,18
ffff,8f4f,0
ffff,8f8f,0
ffff,9f0f,18
ffff,bf0f,12
ffff,cf0f,18
ffff,df0f,18
ffff,e0f8,16
ffff,e0f9,20
ffff,e1f8,16
ffff,e1f9,20
ffff,e2f8,16
ffff,e2f9,20
ffff,e3f8,16
ffff,e3f9,20
ffff,e4f8,16
ffff,e4f9,20
ffff,e5f8,16
ffff,e5f9,20
ffff,e6f8,16
ffff,e6f9,20
ffff,e7f8,16
ffff,e7f9,20
ffff,e8f8,0
ffff,e8f9,0
ffff,e8fa,0
ffff,e8fb,0
ffff,e9f8,0
ffff,e9f9,0
ffff,e9fa,0
ffff,e9fb,0
ffff,eaf8,0
ffff,eaf9,0
ffff,ebf8,0
ffff,ebf9,0
ffff,ebfa,0
ffff,ebfb,0
ffff,ecf8,0
ffff,ecf9,0
ffff,edf8,0
ffff,edf9,0
ffff,edfa,0
ffff,edfb,0
ffff,eef8,0
ffff,eef9,0
ffff,eff8,0
ffff,eff9,0
ffff,f518,0
